<?xml version="1.0" encoding="utf-8"?>
<install type="module" version="1.5">
	<name>Facebook Fan Box</name>
	<author>Thomas Welton</author> 
	<creationDate>March 2011</creationDate> 
	<copyright>All rights reserved 2011.</copyright> 
	<license>GNU/GPL http://www.gnu.org/copyleft/gpl.html</license>
	<authorEmail>thomaswelton@me.com</authorEmail> 
	<authorUrl>http://www.myapi.co.uk</authorUrl> 
	<version>1.0</version> 
	<description>MODULE DESCRIPTION</description>
	
	<files>
		<filename module="mod_myapi_fbFan">mod_myapi_fbFan.php</filename>
		<filename>helper.php</filename>
		<filename>index.html</filename>
		<filename>tmpl/default.php</filename>
		<filename>tmpl/index.html</filename>
		<folder>elements</folder>
	</files>
	
	<languages>
		<language tag="en-GB">languages/en-GB.mod_myapi_fbFan.ini</language>
		<language tag="nb-NO">languages/en-GB.mod_myapi_fbFan.ini</language>
	</languages>
		
	<params addPath="/modules/mod_myapi_fbFan/elements/">
		<param name="moduleclass_sfx" type="text" default="" label="PARAM_CLASS_SFX_LABEL" description="PARAM_CLASS_SFX_DESC" />
 		<param name="fan_href" type="text" default="" label="PARAM_HREF_LABEL" description="PARAM_HREF_DESC" size="30" />	
		<param name="fan_width" type="text" default="180" label="PARAM_WIDTH_LABEL" description="PARAM_WIDTH_DESC" size="30" />
		<param name="fan_height" type="text" default="" label="PARAM_HEIGHT_LABEL" description="PARAM_HEIGHT_DESC" size="30" />
		<param name="fan_border" type="color" default="" label="PARAM_BORDER_LABEL" description="PARAM_BORDER_DESC" size="30" />
		<param name="fan_header" type="radio" default="1" label="PARAM_HEADER_LABEL" description="PARAM_HEADER_DESC">
		  	<option value="0">NO</option>
		  	<option value="1">YES</option>
		</param>
		
		<param name="fan_stream" type="radio" default="1" label="PARAM_STREAM_LABEL" description="PARAM_STREAM_DESC">
		  	<option value="0">NO</option>
		  	<option value="1">YES</option>
		</param>
		
		<param name="fan_scheme" type="list" default="light" label="PARAM_SCHEME_LABEL" description="PARAM_SCHEME_DESC">
		  	<option value="light">PARAM_SCHEME_LIGHT</option>
			<option value="dark">PARAM_SCHEME_DARK</option>
		</param>
		
		<param name="fan_faces" type="radio" default="1" label="PARAM_FACES_LABEL" description="PARAM_FACES_DESC">
			<option value="0">NO</option>
			<option value="1">YES</option>
		</param>
			
	</params>
		
</install>