<?xml version="1.0" encoding="utf-8"?>
<install type="component" version="1.5.0" method="upgrade">
    <name>myApi</name>
    <author>Thomas Welton</author>
    <creationDate>01/05/2010</creationDate>
    <license>GNU/GPL</license>
    <version>1.3</version>
    <description>COMPONENT_DESC</description>
	
    <install>
        <queries>
			<query>
				CREATE TABLE IF NOT EXISTS `#__myapi_users` (
					`userId` int(255) NOT NULL auto_increment,
					`uid` bigint(255) unsigned NOT NULL,
					`update_status` int(1) NOT NULL,
					`status_text` text NOT NULL,
					`access_token` varchar(255) NOT NULL,
					`avatar` varchar(255) default NULL,
					PRIMARY KEY  (`userId`),
					UNIQUE KEY `userId` (`userId`),
					UNIQUE KEY `uid` (`uid`)
				);
			</query>
			<query>
				CREATE TABLE IF NOT EXISTS `#__myapi_pages` (
					`pageId` bigint(255) unsigned NOT NULL DEFAULT '0',
					`access_token` varchar(255) DEFAULT NULL,
					`name` varchar(255) DEFAULT NULL,
					`link` varchar(255) DEFAULT NULL,
					`category` varchar(255) DEFAULT NULL,
					`owner` bigint(255) unsigned DEFAULT NULL,
					PRIMARY KEY (`pageId`)
				); 
			</query>
			<query>			
				CREATE TABLE IF NOT EXISTS `#__myapi_comment_mail` (
					`href` varchar(255) NOT NULL DEFAULT '',
					PRIMARY KEY (`href`),
					UNIQUE KEY `href` (`href`)
				);
			</query>
		</queries>
    </install>

    <installfile>install.myapi.php</installfile>
    <uninstallfile>uninstall.myapi.php</uninstallfile>

    <files folder="components/com_myapi">
        <filename>controller.php</filename>
        <filename>index.html</filename>
        <filename>myapi.php</filename>
        <folder>models</folder>
        <folder>views</folder>
		<folder>assets</folder>
    </files>
	<languages folder="components/language">
    	<language tag="en-GB">en-GB/en-GB.com_myapi.ini</language>
		<language tag="nb-NO">nb-NO/nb-NO.com_myapi.ini</language>
   	</languages>


    <administration>
		<menu task="default" img="js/ThemeOffice/component.png">myApi</menu>
		<submenu>
			<menu link="option=com_myapi&amp;view=users">Users</menu>
			<menu link="option=com_myapi&amp;view=plugin&amp;plugin=myApiConnect">App Settings</menu>
			<menu link="option=com_myapi&amp;view=realtime">Real Time</menu>
			<menu link="option=com_myapi&amp;view=pages">Pages</menu>
			<menu link="option=com_myapi&amp;view=plugin&amp;plugin=myApiTabs">Tab Application</menu>
			<menu link="option=com_myapi&amp;view=plugin&amp;plugin=myApiOpenGraph">Open Graph</menu>
			<menu link="option=com_myapi&amp;view=plugin&amp;plugin=myApiComment">Comment</menu>
			<menu link="option=com_myapi&amp;view=plugin&amp;plugin=myApiShare">Share</menu>
			<menu link="option=com_myapi&amp;view=plugin&amp;plugin=myApiLike">Like</menu>
			<menu link="option=com_myapi&amp;view=plugin&amp;plugin=myApiSend">Send</menu>
		</submenu>
	
		<files>
			<filename>myapi.xml</filename>
		</files>
		<files folder="administrator/com_myapi">
			<filename>config.xml</filename>
			<filename>controller.php</filename>
			<filename>index.html</filename>
			<filename>myapi.php</filename>
			<folder>models</folder>
			<folder>tables</folder>
			<folder>views</folder>
			<folder>assets</folder>
			<folder>extensions</folder>
		</files>
	
		<languages folder="administrator/language">
			<language tag="en-GB">en-GB/en-GB.com_myapi.ini</language>
			<language tag="nb-NO">nb-NO/nb-NO.com_myapi.ini</language>
		</languages>
 	</administration>
</install>