<?xml version="1.0" encoding="utf-8"?>
<Piecemaker>
<Contents>
<Image Source="http://localhost/We-Share-Articles//templates/wesharearticles/images/feautured_articles/14.png" Title="money">
<Text><p>aaaaaaaaaaaaaaaaaaaaaaaaaaaa</p>
<p>aaaaaaaaaaaaaaaaaaaaaaaaaaaaaaaaa</p>
</Text><Hyperlink URL="administrator"  />
</Image><Image Source="http://localhost/We-Share-Articles//templates/wesharearticles/images/feautured_articles/10.png" Title="Naren hero">
<Text><p><img src="images/stories/key.jpg" border="0" />Naren is a aunty hero of Tambaram</p>
</Text><Hyperlink URL="administrator"  />
</Image><Image Source="http://localhost/We-Share-Articles//templates/wesharearticles/images/feautured_articles/8.png" Title="How to increase your money">
<Text><p><img src="images/stories/images.jpg" border="0" /></p>
<p>Ever wonder how the wealthiest people accumulate so much money? You probably think more about how you can get some of your own. While it is true that many wealthy people reach the top through strong business connections, knowing the right people, and a little bit of luck.</p>
</Text><Hyperlink URL="administrator"  />
</Image><Image Source="http://localhost/We-Share-Articles//templates/wesharearticles/images/feautured_articles/5.png" Title="css">
<Text><p>ACFAWSCDA</p>
</Text><Hyperlink URL="administrator"  />
</Image><Image Source="http://localhost/We-Share-Articles//templates/wesharearticles/images/feautured_articles/3.png" Title="Advertisement">
<Text><p>hai mr karthi</p>
</Text><Hyperlink URL="administrator"  />
</Image></Contents>
<Transitions><Transition 
							Pieces="15" 
							Time="3" 
							Transition="easeOutElastic" 
							Delay="0.03" 
							DepthOffset="200" 
							CubeDistance="10">
						</Transition>
						<Transition 
							Pieces="15" 
							Time="3" 
							Transition="easeOutElastic" 
							Delay="0.03" 
							DepthOffset="200" 
							CubeDistance="10">
						</Transition>
						<Transition 
							Pieces="15" 
							Time="3" 
							Transition="easeOutElastic" 
							Delay="0.03" 
							DepthOffset="200" 
							CubeDistance="10">
						</Transition>
						<Transition 
							Pieces="15" 
							Time="3" 
							Transition="easeOutElastic" 
							Delay="0.03" 
							DepthOffset="200" 
							CubeDistance="10">
						</Transition>
						<Transition 
							Pieces="15" 
							Time="3" 
							Transition="easeOutElastic" 
							Delay="0.03" 
							DepthOffset="200" 
							CubeDistance="10">
						</Transition>
						</Transitions>

		<Settings 
		ImageWidth="900" 
		ImageHeight="360" 
		LoaderColor="0x333333" 
		InnerSideColor="0x222222" 
		SideShadowAlpha="0.8" 
		DropShadowAlpha="0.7" 
		DropShadowDistance="25" 
		DropShadowScale="0.95" 
		DropShadowBlurX="40" 
		DropShadowBlurY="4" 
		MenuDistanceX="20" 
		MenuDistanceY="50" 
		MenuColor1="0x999999" 
		MenuColor2="0x333333" 
		MenuColor3="0xFFFFFF" 
		ControlSize="100" 
		ControlDistance="20" 
		ControlColor1="0x222222" 
		ControlColor2="0xFFFFFF" 
		ControlAlpha="0.8" 
		ControlAlphaOver="0.95" 
		ControlsX="450" 
		ControlsY="280" 
		ControlsAlign="center" 
		TooltipHeight="30" 
		TooltipColor="0x222222" 
		TooltipTextY="5" 
		TooltipTextStyle="P-Italic" 
		TooltipTextColor="0xFFFFFF" 
		TooltipMarginLeft="5" 
		TooltipMarginRight="7" 
		TooltipTextSharpness="50" 
		TooltipTextThickness="-100" 
		InfoWidth="400" 
		InfoBackground="0xFFFFFF" 
		InfoBackgroundAlpha="0.95" 
		InfoMargin="15" 
		InfoSharpness="0" 
		InfoThickness="0" 
		Autoplay="5" 
		FieldOfView="45">
		</Settings>
</Piecemaker>
