<?xml version="1.0" encoding="utf-8"?>
<Piecemaker>
<Contents>
<Image Source="http://localhost/We-Share-Articles/images/yj_piecemaker/piecemaker1.png" Title="Title for slide1">
<Text>&lt;h1&gt;This is your first slide info title&lt;/h1&gt; &lt;p&gt; You can use p  or h1 element tag to define your custom description&lt;/p&gt;</Text></Image><Image Source="http://localhost/We-Share-Articles/images/yj_piecemaker/piecemaker2.png" Title="Title for slide2">
<Text>&lt;h1&gt;This is your second slide info title&lt;/h1&gt; &lt;p&gt; You can use p  or h1 element tag to define your custom description&lt;/p&gt;</Text></Image></Contents>
<Transitions><Transition 
							Pieces="8" 
							Time="1.3" 
							Transition="easeOutExpo" 
							Delay="0.1" 
							DepthOffset="500" 
							CubeDistance="50">
						</Transition>
						<Transition 
							Pieces="15" 
							Time="3" 
							Transition="easeOutElastic" 
							Delay="0.03" 
							DepthOffset="200" 
							CubeDistance="10">
						</Transition>
						</Transitions>

		<Settings 
		ImageWidth="900" 
		ImageHeight="360" 
		LoaderColor="0x333333" 
		InnerSideColor="0x222222" 
		SideShadowAlpha="0.8" 
		DropShadowAlpha="0.7" 
		DropShadowDistance="25" 
		DropShadowScale="0.95" 
		DropShadowBlurX="40" 
		DropShadowBlurY="4" 
		MenuDistanceX="20" 
		MenuDistanceY="50" 
		MenuColor1="0x999999" 
		MenuColor2="0x333333" 
		MenuColor3="0xFFFFFF" 
		ControlSize="100" 
		ControlDistance="20" 
		ControlColor1="0x222222" 
		ControlColor2="0xFFFFFF" 
		ControlAlpha="0.8" 
		ControlAlphaOver="0.95" 
		ControlsX="450" 
		ControlsY="280" 
		ControlsAlign="center" 
		TooltipHeight="30" 
		TooltipColor="0x222222" 
		TooltipTextY="5" 
		TooltipTextStyle="P-Italic" 
		TooltipTextColor="0xFFFFFF" 
		TooltipMarginLeft="5" 
		TooltipMarginRight="7" 
		TooltipTextSharpness="50" 
		TooltipTextThickness="-100" 
		InfoWidth="400" 
		InfoBackground="0xFFFFFF" 
		InfoBackgroundAlpha="0.95" 
		InfoMargin="15" 
		InfoSharpness="0" 
		InfoThickness="0" 
		Autoplay="5" 
		FieldOfView="45">
		</Settings>
</Piecemaker>
